"","Country","Code","Development","Continent","year","Population","Coastal.Population","GDP.Per.Capita","Plastic.Waste.Generation.Total","Plastic.Waste.Per.Capita","Land","Mismanaged.Plastic.Waste.Total","Mismanaged.Plastic.Waste.Per.Capita.","Mismanaged.Plastic.Waste.Share","Inadequately.Managed.Waste.Share","Avg.3Y.GDP.Growth","Eco"
"1","Afghanistan","AFG","Developing","Asia",2010,31411743,0,1614.25500126115,NA,NA,"Landlocked",NA,NA,NA,NA,10.4579044133333,"Inflation"
"2","Albania","ALB","Developed","Europe",2010,3204284,2530533,9927.18184117512,73364,0.069,"Coastal",29705,0.032,0.0933,45,5.53329248066667,"Inflation"
"3","Algeria","DZA","Developing","Africa",2010,35468208,16556580,12870.6026985154,1898343,0.144,"Coastal",520555,0.086,1.6347,58,0.792096587,"Normal"
"4","American Samoa","ASM","Developing",NA,2010,68420,0,NA,NA,NA,"Landlocked",NA,NA,NA,NA,-0.826975274,"Recession"
"5","Andorra","AND","Developed","Europe",2010,84864,0,NA,NA,NA,"Landlocked",NA,NA,NA,NA,-6.53103747533333,"Recession"
"6","Angola","AGO","Developing","Africa",2010,19081912,3790041,5897.68284059848,528843,0.062,"Coastal",62528,0.045,0.1964,71,1.79580254366667,"Normal"
"7","Anguilla","AIA","Developing",NA,2010,15358,14561,NA,NA,0.252,"Coastal",52,0.01,0.0002,2,NA,NA
"8","Antigua and Barbuda","ATG","Developing","North America",2010,88710,66843,19212.7201307541,22804,0.66,"Coastal",1253,0.051,0.0039,6,-7.88699289533333,"Recession"
"9","Argentina","ARG","Developing","South America",2010,40412376,16449245,18712.0630773436,2753550,0.183,"Coastal",157777,0.026,0.4955,12,1.82512610033333,"Normal"
"10","Armenia","ARM","Developing","Europe",2010,3092072,0,6702.84800627941,NA,NA,"Landlocked",NA,NA,NA,NA,-1.05592766033333,"Recession"
"11","Aruba","ABW","Developing",NA,2010,107488,137910,NA,9352,0.252,"Coastal",372,0.007,0.0012,1,-4.905940878,"Recession"
"12","Australia","AUS","Developed","Oceania",2010,22268384,17235954,41464.0400696359,900658,0.112,"Coastal",13889,0.002,0.0436,0,0.650296643333333,"Normal"
"13","Austria","AUT","Developed","Europe",2010,8393644,0,43336.1978527647,NA,NA,"Landlocked",NA,NA,NA,NA,-0.426818556,"Recession"
"14","Azerbaijan","AZE","Developing","Europe",2010,9187783,0,15950.2574578783,NA,NA,"Landlocked",NA,NA,NA,NA,6.32169506233333,"Inflation"
"15","Bahamas","BHS","Developing","North America",2010,342877,341145,29221.9911816149,51364,0.39,"Coastal",1333,0.011,0.0042,1,NA,NA
"16","Bahrain","BHR","Developing","Asia",2010,1261835,743574,40570.5356928307,59785,0.132,"Coastal",4376,0.016,0.0137,10,-1.72306702066667,"Recession"
"17","Bangladesh","BGD","Developing","Asia",2010,148692131,70874124,2442.72888765696,1888170,0.034,"Coastal",787327,0.03,2.4725,87,4.35855070733333,"Inflation"
"18","Barbados","BRB","Developing","North America",2010,273331,276784,16417.9624523108,58164,0.57,"Coastal",3483,0.034,0.0109,4,-1.59682376833333,"Recession"
"19","Belarus","BLR","Developed","Europe",2010,9595421,0,16235.1714534334,NA,NA,"Landlocked",NA,NA,NA,NA,6.32900845466667,"Inflation"
"20","Belgium","BEL","Developed","Europe",2010,10712066,4747957,41085.9189401366,318151,0.08,"Coastal",2743,0.002,0.0086,0,-0.412187012,"Recession"
"21","Belize","BLZ","Developing","North America",2010,311627,202429,7876.80958597644,20191,0.172,"Coastal",3892,0.053,0.0122,29,-0.116612698333333,"Recession"
"22","Benin","BEN","Developing","Africa",2010,8849892,3235418,1818.77846075906,144382,0.043,"Coastal",43015,0.036,0.1351,83,0.249662862,"Normal"
"23","Bermuda","BMU","Developed",NA,2010,64941,66966,56395.0078003539,5990,0.252,"Coastal",123,0.005,0.0004,0,-2.067778812,"Recession"
"24","Bhutan","BTN","Developing","Asia",2010,725940,0,6419.67559908811,NA,NA,"Landlocked",NA,NA,NA,NA,6.62671989066667,"Inflation"
"25","Bolivia","BOL",NA,"South America",2010,9929849,0,5407.47022023569,NA,NA,"Landlocked",NA,NA,NA,NA,2.81568026766667,"Normal"
"26","Bosnia and Herzegovina","BIH","Developed","Europe",2010,3760149,585582,9720.34217718095,195633,0.144,"Coastal",12955,0.061,0.0407,40,1.61352897066667,"Normal"
"27","Botswana","BWA","Developing","Africa",2010,2006945,0,13334.1987970857,NA,NA,"Landlocked",NA,NA,NA,NA,0.434164963333333,"Normal"
"28","Brazil","BRA","Developing","South America",2010,194946470,74696771,14537.5671930903,11852055,0.165,"Coastal",471404,0.017,1.4804,9,3.16561282533333,"Inflation"
"29","British Virgin Islands","VGB","Developing",NA,2010,23245,29674,NA,2504,0.252,"Coastal",55,0.005,0.0002,0,NA,NA
"30","Brunei","BRN",NA,"Asia",2010,398920,359871,80552.8644713138,3688,0.026,"Coastal",93,0.001,0.0003,1,NA,NA
"31","Bulgaria","BGR","Developed","Europe",2010,7494332,1002695,15283.2914751664,415707,0.154,"Coastal",18739,0.051,0.0588,31,1.93300294566667,"Normal"
"32","Burkina Faso","BFA","Developing",NA,2010,16468714,0,1423.37770598198,NA,NA,"Landlocked",NA,NA,NA,NA,2.07650763133333,"Normal"
"33","Burundi","BDI","Developing","Africa",2010,8382849,0,763.831930213843,NA,NA,"Landlocked",NA,NA,NA,NA,1.22280687433333,"Normal"
"34","Cambodia","KHM","Developing","Asia",2010,14138255,1391254,2522.92682475402,344698,0.066,"Coastal",29686,0.058,0.0932,87,2.68882660966667,"Normal"
"35","Cameroon","CMR","Developing","Africa",2010,19598889,1986723,2929.82911281962,335305,0.046,"Coastal",27713,0.038,0.087,81,0.241468412,"Normal"
"36","Canada","CAN","Developed","North America",2010,34016593,11846863,40699.3551293841,1154309,0.093,"Coastal",7959,0.002,0.025,0,-0.731739103333333,"Recession"
"37","Cape Verde","CPV",NA,"Africa",2010,495999,522245,5828.24158804338,11919,0.065,"Coastal",9347,0.049,0.0294,74,NA,NA
"38","Cayman Islands","CYM","Developing",NA,2010,56230,51864,NA,5106,0.252,"Coastal",95,0.005,0.0003,0,-5.98785665033333,"Recession"
"39","Central African Republic","CAF","Developing","Africa",2010,4401051,0,881.144550791663,NA,NA,"Landlocked",NA,NA,NA,NA,3.563940169,"Inflation"
"40","Chad","TCD","Developing","Africa",2010,11227208,0,1925.19511802507,NA,NA,"Landlocked",NA,NA,NA,NA,3.44437314266667,"Inflation"
"41","Channel Islands","OWID_CIS",NA,NA,2010,NA,153352,NA,14678,0.252,"Coastal",281,0.005,0.0009,0,NA,NA
"42","Chile","CHL","Developing","South America",2010,17113688,5621550,19442.0503154635,738106,0.119,"Coastal",21754,0.011,0.0683,7,1.52499136266667,"Normal"
"43","China","CHN","Developing","Asia",2010,1341335152,262892387,9525.81848339164,59079741,0.121,"Coastal",8819717,0.092,27.6966,74,9.35133421366667,"Inflation"
"44","Christmas Island","CXR","Developed",NA,2010,1400,1402,NA,NA,0.252,"Coastal",3,0.005,0,0,NA,NA
"45","Cocos Islands","CCK",NA,NA,2010,596,596,NA,NA,0.252,"Coastal",1,0.005,0,0,NA,NA
"46","Colombia","COL","Developing","South America",2010,46294841,7498563,10900.5052821616,2413455,0.144,"Coastal",92173,0.034,0.2895,21,1.797475294,"Normal"
"47","Comoros","COM","Developing","Africa",2010,734750,938595,1412.50268663997,50599,0.201,"Coastal",58032,0.169,0.1822,83,1.19989888533333,"Normal"
"48","Congo","COG","Developing","Africa",2010,4042899,847807,5186.34478845194,110479,0.069,"Coastal",16766,0.054,0.0527,77,NA,NA
"49","Cook Islands","COK","Developing",NA,2010,20288,20934,NA,NA,0.144,"Coastal",416,0.054,0.0013,36,NA,NA
"50","Costa Rica","CRI","Developing","North America",2010,4658887,2479298,12999.9921931442,428029,0.258,"Coastal",42090,0.047,0.1322,16,1.56619709333333,"Normal"
"51","Cote d'Ivoire","CIV",NA,NA,2010,19737800,6230583,2690.25800198952,766988,0.103,"Coastal",194558,0.086,0.611,82,0.283814423333333,"Normal"
"52","Croatia","HRV","Developed","Europe",2010,4403330,1602782,20171.9575294867,406347,0.252,"Coastal",16461,0.028,0.0517,9,-2.131536606,"Recession"
"53","Cuba","CUB","Developing","North America",2010,11257979,11333471,NA,368154,0.089,"Coastal",90630,0.022,0.2846,23,2.73011180066667,"Normal"
"54","Curacao","CUW",NA,NA,2010,NA,143784,NA,13678,0.252,"Coastal",268,0.005,0.0008,0,-0.480940872666667,"Recession"
"55","Cyprus","CYP","Developing","Europe",2010,1103647,840556,33941.1380158355,100713,0.248,"Coastal",1821,0.006,0.0057,0,-1.60484413666667,"Recession"
"56","Czech Republic","CZE",NA,NA,2010,10492960,0,28352.9493964403,NA,NA,"Landlocked",NA,NA,NA,NA,-0.511128176333333,"Recession"
"57","Democratic Republic of Congo","COD",NA,NA,2010,65965795,1076056,660.210955818272,1059795,0.045,"Coastal",15208,0.039,0.0478,85,NA,NA
"58","Denmark","DNK","Developed","Europe",2010,5550142,5376386,43998.4366716285,95171,0.047,"Coastal",1791,0.001,0.0056,0,-1.69645146133333,"Recession"
"59","Djibouti","DJI","Developing","Africa",2010,888716,621744,NA,31999,0.103,"Coastal",17324,0.076,0.0544,73,NA,NA
"60","Dominica","DMA","Developing","North America",2010,67757,70138,10198.2733729326,3885,0.149,"Coastal",783,0.031,0.0025,19,2.16776762133333,"Normal"
"61","Dominican Republic","DOM","Developing","North America",2010,9927320,8232586,11132.5526905467,520238,0.144,"Coastal",118226,0.039,0.3713,25,2.873573511,"Normal"
"62","Ecuador","ECU","Developing","South America",2010,14464739,6400048,9352.34423681593,801321,0.147,"Coastal",109383,0.047,0.3435,30,1.81392976233333,"Normal"
"63","Egypt","EGY","Developing","Africa",2010,81121077,21750943,9857.46828190066,5464471,0.178,"Coastal",967012,0.122,3.0367,67,NA,NA
"64","El Salvador","SLV","Developing","North America",2010,6192993,6410726,6300.77538777337,330763,0.147,"Coastal",118732,0.051,0.3729,33,0.43694203,"Normal"
"65","Equatorial Guinea","GNQ","Developing","Africa",2010,700401,351600,33723.3658030152,49990,0.144,"Coastal",5977,0.047,0.0188,30,-1.25949199533333,"Recession"
"66","Eritrea","ERI","Developing","Africa",2010,5253676,1266222,1416.36580154238,72120,0.045,"Coastal",16259,0.035,0.0511,77,-3.06478273066667,"Recession"
"67","Estonia","EST","Developed","Europe",2010,1341140,878021,22740.9720038708,85534,0.176,"Coastal",5979,0.019,0.0188,9,-5.744274168,"Recession"
"68","Ethiopia","ETH","Developing","Africa",2010,82949541,0,1073.82629506883,NA,NA,"Landlocked",NA,NA,NA,NA,7.69920637166667,"Inflation"
"69","Faeroe Islands","FRO",NA,NA,2010,48708,50554,NA,4466,0.252,"Coastal",93,0.005,0.0003,0,NA,NA
"70","Falkland Islands","FLK",NA,NA,2010,NA,2602,NA,NA,0.252,"Coastal",5,0.005,0,0,NA,NA
"71","Fiji","FJI","Developing","Oceania",2010,860623,896145,7352.08836002372,59324,0.189,"Coastal",49257,0.151,0.1547,78,-0.0636040306666667,"Recession"
"72","Finland","FIN","Developed","Europe",2010,5364546,2927674,39848.1344978775,458084,0.234,"Coastal",4985,0.005,0.0157,0,-1.97720197266667,"Recession"
"73","France","FRA","Developed","Europe",2010,62787427,17287280,36855.8446824064,4557128,0.192,"Coastal",24109,0.004,0.0757,0,-0.742831619,"Recession"
"74","French Guiana","GUF","Developing",NA,2010,231151,167631,NA,NA,0.144,"Coastal",2360,0.039,0.0074,25,NA,NA
"75","French Polynesia","PYF","Developing",NA,2010,270764,270618,NA,24634,0.252,"Coastal",1286,0.013,0.004,3,NA,NA
"76","Gabon","GAB","Developing","Africa",2010,1505463,862328,15355.7846497731,32329,0.054,"Coastal",6087,0.019,0.0191,34,-1.957091067,"Recession"
"77","Gambia","GMB","Developing","Africa",2010,1728394,1324214,1644.24236613493,29646,0.048,"Coastal",19616,0.041,0.0616,84,NA,NA
"78","Georgia","GEO","Developing","Europe",2010,4352244,1124249,6733.78376130988,97443,0.068,"Coastal",14472,0.035,0.0454,51,2.322209314,"Normal"
"79","Germany","DEU","Developed","Europe",2010,82302465,8837035,40428.7210307617,14476561,0.485,"Coastal",31239,0.01,0.0981,0,0.0449307776666668,"Normal"
"80","Ghana","GHA","Developing","Africa",2010,24391823,7727702,3059.38362640541,357877,0.04,"Coastal",91571,0.032,0.2876,81,4.61048338966667,"Inflation"
"81","Gibraltar","GIB","Developed",NA,2010,29244,33483,NA,3053,0.252,"Coastal",65,0.005,0.0002,0,NA,NA
"82","Greece","GRC","Developed","Europe",2010,11359346,9794702,28726.0792836873,811858,0.2,"Coastal",14229,0.004,0.0447,0,-3.58409490866667,"Recession"
"83","Greenland","GRL","Developed",NA,2010,57296,57068,NA,5234,0.252,"Coastal",105,0.005,0.0003,0,2.72139995866667,"Normal"
"84","Grenada","GRD","Developing","North America",2010,104487,96121,11177.9997155594,12417,0.325,"Coastal",2248,0.064,0.0071,18,-2.38046741666667,"Recession"
"85","Guadeloupe","GLP","Developing",NA,2010,460666,466166,NA,NA,0.144,"Coastal",6564,0.039,0.0206,25,NA,NA
"86","Guam","GUM","Developing",NA,2010,179896,190809,NA,14666,0.252,"Coastal",393,0.006,0.0012,0,1.251693563,"Normal"
"87","Guatemala","GTM","Developing","North America",2010,14388929,2392442,6714.0635955465,1495229,0.28,"Coastal",91563,0.105,0.2875,36,0.011663012,"Normal"
"88","Guernsey","GGY","Developed",NA,2010,NA,56289,NA,NA,0.252,"Coastal",103,0.005,0.0003,0,NA,NA
"89","Guinea","GIN","Developing","Africa",2010,9981590,1996496,1573.54495756823,118196,0.03,"Coastal",18514,0.025,0.0581,84,0.299720546666667,"Normal"
"90","Guinea-Bissau","GNB","Developing","Africa",2010,1515224,1208106,1400.36329312665,30666,0.054,"Coastal",20240,0.046,0.0636,83,1.14178095633333,"Normal"
"91","Guyana","GUY","Developing","South America",2010,754493,513235,5847.85725499679,159681,0.586,"Coastal",42002,0.224,0.1319,36,3.08563534633333,"Inflation"
"92","Haiti","HTI","Developing","North America",2010,9993247,9155693,1502.03271141224,328487,0.09,"Coastal",147389,0.044,0.4628,47,-2.06072758533333,"Recession"
"93","Honduras","HND","Developing","North America",2010,7600524,3324144,3971.18299352727,565317,0.189,"Coastal",95638,0.079,0.3003,40,-0.277558329,"Recession"
"94","Hong Kong","HKG",NA,NA,2010,7053189,7573074,48107.7086333279,1020406,0.398,"Coastal",28512,0.01,0.0895,1,NA,NA
"95","Hungary","HUN","Developed","Europe",2010,9983645,0,22404.2391969471,NA,NA,"Landlocked",NA,NA,NA,NA,-1.51502954866667,"Recession"
"96","Iceland","ISL","Developed","Europe",2010,320136,292708,38978.0055953415,32620,0.281,"Coastal",598,0.006,0.0019,0,-3.426238527,"Recession"
"97","India","IND","Developing","Asia",2010,1224614327,187493433,4404.69700530387,4493080,0.01,"Coastal",599819,0.009,1.8836,85,4.99367693466667,"Inflation"
"98","Indonesia","IDN","Developing","Asia",2010,239870937,187223476,8433.49735678452,5045714,0.057,"Coastal",3216856,0.047,10.1019,81,4.22654748966667,"Inflation"
"99","Iran","IRN",NA,"Asia",2010,73973630,9099695,17942.8328426143,3919268,0.144,"Coastal",247403,0.074,0.7769,50,NA,NA
"100","Iraq","IRQ","Developing","Asia",2010,31671591,639228,12717.5975271684,1156524,0.103,"Coastal",15563,0.067,0.0489,63,3.78480394366667,"Inflation"
"101","Ireland","IRL","Developed","Europe",2010,4469900,3749576,44030.4141487055,715716,0.43,"Coastal",11710,0.009,0.0368,0,-3.64945322133333,"Recession"
"102","Isle of Man","IMN","Developed",NA,2010,82869,0,NA,NA,NA,"Landlocked",NA,NA,NA,NA,2.394803485,"Normal"
"103","Israel","ISR","Developing","Asia",2010,7418400,6677810,29743.0058727916,826436,0.297,"Coastal",19007,0.008,0.0597,1,1.14561897466667,"Normal"
"104","Italy","ITA","Developed","Europe",2010,60550848,33822532,36201.1615672134,2899258,0.134,"Coastal",32761,0.003,0.1029,0,-2.080411283,"Recession"
"105","Jamaica","JAM","Developing","North America",2010,2741052,2820558,7996.01948795873,34962,0.034,"Coastal",10019,0.01,0.0315,27,-2.69443608666667,"Recession"
"106","Japan","JPN","Developed","Asia",2010,126535920,115228891,35749.7566788784,7993489,0.171,"Coastal",143121,0.003,0.4494,0,-0.790997166333333,"Recession"
"107","Jordan","JOR","Developing","Asia",2010,6187227,55392,9472.76832624669,377506,0.144,"Coastal",1737,0.086,0.0055,58,-0.0826231436666666,"Recession"
"108","Kazakhstan","KAZ","Developing","Asia",2010,16026367,0,20096.5597617591,NA,NA,"Landlocked",NA,NA,NA,NA,2.136506577,"Normal"
"109","Kenya","KEN","Developing","Africa",2010,40512682,2729945,2476.01074216401,407506,0.027,"Coastal",22658,0.023,0.0712,83,1.16485296633333,"Normal"
"110","Kiribati","KIR","Developing","Oceania",2010,99546,94487,1731.53862650466,3859,0.103,"Coastal",3045,0.088,0.0096,84,-2.83861257366667,"Recession"
"111","Kuwait","KWT","Developing","Asia",2010,2736732,2293604,75204.145116617,750690,0.686,"Coastal",11489,0.014,0.0361,0,-7.94628451233333,"Recession"
"112","Kyrgyzstan","KGZ","Developing","Asia",2010,5334223,0,2790.17066394311,NA,NA,"Landlocked",NA,NA,NA,NA,NA,NA
"113","Laos","LAO",NA,"Asia",2010,6200894,0,4218.78204415944,NA,NA,"Landlocked",NA,NA,NA,NA,NA,NA
"114","Latvia","LVA","Developed","Europe",2010,2252060,1432078,18251.9532813473,94935,0.124,"Coastal",10284,0.02,0.0323,14,-5.808595428,"Recession"
"115","Lebanon","LBN","Developing","Asia",2010,4227597,3890871,16451.7598336606,148807,0.094,"Coastal",47815,0.034,0.1502,34,7.747231674,"Inflation"
"116","Lesotho","LSO","Developing","Africa",2010,2171318,0,2365.68346109084,NA,NA,"Landlocked",NA,NA,NA,NA,4.83699359966667,"Inflation"
"117","Liberia","LBR","Developing","Africa",2010,3994122,2148271,699.653721510599,121050,0.084,"Coastal",56728,0.072,0.1781,84,2.12246115666667,"Normal"
"118","Libya","LBY","Developing","Africa",2010,6355112,4050128,29630.2221484622,324250,0.144,"Coastal",52779,0.036,0.1657,23,1.05994873066667,"Normal"
"119","Liechtenstein","LIE","Developed","Europe",2010,36032,0,NA,NA,NA,"Landlocked",NA,NA,NA,NA,NA,NA
"120","Lithuania","LTU","Developed","Europe",2010,3323611,443894,21070.6343301646,149227,0.132,"Coastal",3479,0.021,0.0109,14,-2.126781926,"Recession"
"121","Luxembourg","LUX","Developed","Europe",2010,507448,0,91743.2938905974,NA,NA,"Landlocked",NA,NA,NA,NA,-2.05792755233333,"Recession"
"122","Macao","MAC",NA,NA,2010,543656,257911,98184.3365009534,72126,0.368,"Coastal",698,0.007,0.0022,0,NA,NA
"123","Macedonia","MKD",NA,"Europe",2010,2060563,0,11355.3674926425,NA,NA,"Landlocked",NA,NA,NA,NA,NA,NA
"124","Madagascar","MDG","Developing","Africa",2010,20713819,7062413,1385.68507168039,123526,0.016,"Coastal",34522,0.013,0.1084,84,-1.690553986,"Recession"
"125","Malawi","MWI","Developing","Africa",2010,14900841,0,1032.9628806199,NA,NA,"Landlocked",NA,NA,NA,NA,4.57372258066667,"Inflation"
"126","Malaysia","MYS","Developing","Asia",2010,28401017,22890252,21107.2679372523,2031675,0.198,"Coastal",936818,0.112,2.9419,55,1.72834346733333,"Normal"
"127","Maldives","MDV","Developing","Asia",2010,315885,392567,12005.5046183167,43134,0.322,"Coastal",31469,0.22,0.0988,66,0.217412689,"Normal"
"128","Mali","MLI","Developing","Africa",2010,15369809,0,1871.98474385098,NA,NA,"Landlocked",NA,NA,NA,NA,1.59970178266667,"Normal"
"129","Malta","MLT","Developed","Europe",2010,416515,404707,28364.7993209208,32377,0.214,"Coastal",2620,0.018,0.0082,6,0.838918598,"Normal"
"130","Marshall Islands","MHL","Developing","Oceania",2010,54038,58086,3479.15530340683,3674,0.192,"Coastal",3187,0.15,0.01,77,0.868484938666667,"Normal"
"131","Martinique","MTQ","Developing",NA,2010,405814,402257,NA,NA,0.252,"Coastal",749,0.005,0.0024,0,NA,NA
"132","Mauritania","MRT","Developing","Africa",2010,3459773,1005481,3316.97478042489,59287,0.045,"Coastal",13854,0.038,0.0435,82,-1.306050827,"Recession"
"133","Mauritius","MUS","Developing","Africa",2010,1299172,1255952,15938.4192089782,104971,0.23,"Coastal",56051,0.122,0.176,51,4.058946126,"Inflation"
"134","Mayotte","MYT","Developing",NA,2010,204114,0,NA,NA,NA,"Landlocked",NA,NA,NA,NA,NA,NA
"135","Mexico","MEX","Developing","North America",2010,113423047,22647771,15715.9721449501,3725463,0.087,"Coastal",101343,0.012,0.3182,12,-1.138203534,"Recession"
"136","Micronesia (country)","FSM",NA,NA,2010,NA,154895,3297.65693360804,3895,0.103,"Coastal",4794,0.085,0.0151,81,NA,NA
"137","Moldova","MDA",NA,"Europe",2010,3572885,0,3910.86053324527,NA,NA,"Landlocked",NA,NA,NA,NA,3.11037827366667,"Inflation"
"138","Monaco","MCO","Developed","Europe",2010,35407,34050,NA,3412,0.252,"Coastal",62,0.005,0.0002,0,-3.843712839,"Recession"
"139","Mongolia","MNG","Developing","Asia",2010,2756001,0,7708.59999413593,NA,NA,"Landlocked",NA,NA,NA,NA,3.02382122966667,"Inflation"
"140","Montenegro","MNE","Developed","Europe",2010,631490,260336,14034.5845640087,32557,0.144,"Coastal",4416,0.046,0.0139,30,1.193984804,"Normal"
"141","Montserrat","MSR","Developing",NA,2010,5934,5173,NA,NA,0.144,"Coastal",38,0.02,0.0001,12,NA,NA
"142","Morocco","MAR","Developing","Africa",2010,31951412,17303431,6443.25361319481,863555,0.073,"Coastal",310126,0.049,0.9739,66,3.37236817933333,"Inflation"
"143","Mozambique","MOZ","Developing","Africa",2010,23390765,9566559,917.763832040531,132612,0.015,"Coastal",45995,0.013,0.1444,84,3.75411210333333,"Inflation"
"144","Myanmar","MMR","Developing",NA,2010,47963012,18988522,3721.21144009279,1373018,0.075,"Coastal",458269,0.066,1.4391,87,9.43145321533333,"Inflation"
"145","Namibia","NAM","Developing","Africa",2010,2283289,155084,8460.84736812378,114222,0.144,"Coastal",5480,0.097,0.0172,66,1.141539494,"Normal"
"146","Nauru","NRU","Developing","Oceania",2010,10255,15289,6592.43683574598,527,0.144,"Coastal",554,0.099,0.0017,67,18.2300247553333,"Inflation"
"147","Nepal","NPL","Developing","Asia",2010,29959364,0,1985.98034060169,NA,NA,"Landlocked",NA,NA,NA,NA,4.32578207366667,"Inflation"
"148","Netherlands","NLD","Developed","Europe",2010,16612988,8971770,45524.6621425733,2571398,0.424,"Coastal",27700,0.008,0.087,0,-0.521140668666667,"Recession"
"149","Netherlands Antilles","ANT",NA,NA,2010,NA,227165,NA,NA,0.252,"Coastal",416,0.005,0.0013,0,NA,NA
"150","New Caledonia","NCL","Developing",NA,2010,250870,257904,NA,22995,0.252,"Coastal",472,0.005,0.0015,0,NA,NA
"151","New Zealand","NZL","Developed","Oceania",2010,4368136,3862054,32119.2155430773,525630,0.331,"Coastal",9286,0.007,0.0292,0,-0.878379554,"Recession"
"152","Nicaragua","NIC","Developing","North America",2010,5788163,3482653,4028.71208738128,299480,0.143,"Coastal",84415,0.066,0.2651,45,0.139498242333333,"Normal"
"153","Niger","NER","Developing","Africa",2010,15511953,0,814.240936151832,NA,NA,"Landlocked",NA,NA,NA,NA,1.792545737,"Normal"
"154","Nigeria","NGA","Developing","Africa",2010,158423182,27477112,5150.15881822763,5961750,0.103,"Coastal",851493,0.085,2.674,81,4.77633950166667,"Inflation"
"155","Niue","NIU","Developing",NA,2010,1468,1799,NA,NA,0.252,"Coastal",4,0.006,0,0,NA,NA
"156","Norfolk Island","NFK","Developed",NA,2010,NA,2156,NA,NA,0.103,"Coastal",68,0.086,0.0002,82,NA,NA
"157","North Korea","PRK",NA,NA,2010,24346229,17327483,NA,484700,0.054,"Coastal",304328,0.048,0.9557,88,NA,NA
"158","Northern Mariana Islands","MNP","Developing",NA,2010,60917,106256,NA,5006,0.252,"Coastal",219,0.006,0.0007,0,-8.39204072433333,"Recession"
"159","Norway","NOR","Developed","Europe",2010,4883111,4131679,62350.4107068751,499682,0.28,"Coastal",8403,0.006,0.0264,0,-1.41388709766667,"Recession"
"160","Oman","OMN","Developing","Asia",2010,2782435,2597556,45335.8525168436,93251,0.084,"Coastal",4658,0.005,0.0146,4,1.704391895,"Normal"
"161","Pakistan","PAK","Developing","Asia",2010,173593383,14581952,4283.60731163635,6412210,0.103,"Coastal",480493,0.09,1.5089,86,-0.205020322666667,"Recession"
"162","Palau","PLW","Developing","Oceania",2010,20472,23446,11846.5739334318,1076,0.144,"Coastal",716,0.084,0.0022,56,-1.52328779766667,"Recession"
"163","Palestine","PSE",NA,NA,2010,NA,3045258,4172.74568921544,87636,0.063,"Coastal",5599,0.005,0.0176,6,NA,NA
"164","Panama","PAN","Developing","North America",2010,3516820,3249531,15628.5922438738,192818,0.145,"Coastal",34388,0.029,0.108,18,3.782187723,"Inflation"
"165","Papua New Guinea","PNG","Developing","Oceania",2010,6858266,2747514,3191.58041028301,267234,0.103,"Coastal",89835,0.09,0.2821,86,3.07426508633333,"Inflation"
"166","Paraguay","PRY","Developing","South America",2010,6454548,0,7289.51391005233,NA,NA,"Landlocked",NA,NA,NA,NA,4.32087561533333,"Inflation"
"167","Peru","PER","Developing","South America",2010,29076512,13765608,9956.55663668307,1543879,0.144,"Coastal",194453,0.039,0.6106,25,5.33101815333333,"Inflation"
"168","Philippines","PHL","Developing","Asia",2010,93260798,83446862,5596.83728794962,2565766,0.075,"Coastal",1883659,0.062,5.9153,81,2.595066006,"Normal"
"169","Pitcairn","PCN","Developing",NA,2010,50,0,NA,NA,NA,"Landlocked",NA,NA,NA,NA,NA,NA
"170","Poland","POL","Developed","Europe",2010,38276660,3272933,21770.6444359772,1346905,0.097,"Coastal",15703,0.013,0.0493,12,3.62975492066667,"Inflation"
"171","Portugal","PRT","Developed","Europe",2010,10675572,8507951,27238.4606724422,1022683,0.265,"Coastal",16402,0.005,0.0515,0,-0.387911171666667,"Recession"
"172","Puerto Rico","PRI","Developing",NA,2010,3749009,4249848,33924.0540101397,342306,0.252,"Coastal",16517,0.011,0.0519,2,-0.863564086666667,"Recession"
"173","Qatar","QAT","Developing","Asia",2010,1758793,653007,125140.838348001,103933,0.16,"Coastal",758,0.003,0.0024,0,1.19960145133333,"Normal"
"174","Reunion","REU",NA,NA,2010,846068,809426,NA,NA,0.144,"Coastal",847,0.003,0.0027,0,NA,NA
"175","Romania","ROU","Developed","Europe",2010,21486371,875170,17553.2832966444,310385,0.042,"Coastal",3610,0.011,0.0113,26,1.02949197833333,"Normal"
"176","Russia","RUS",NA,NA,2010,142958164,10812537,23107.7852212759,5839685,0.112,"Coastal",80759,0.02,0.2536,16,NA,NA
"177","Rwanda","RWA","Developing","Africa",2010,10624005,0,1365.17423994085,NA,NA,"Landlocked",NA,NA,NA,NA,5.42870390133333,"Inflation"
"178","Saint Helena","SHN","Developing",NA,2010,4118,6839,NA,NA,0.144,"Coastal",96,0.039,0.0003,25,NA,NA
"179","Saint Kitts and Nevis","KNA","Developing","North America",2010,52402,36102,21412.201453108,12280,0.654,"Coastal",715,0.054,0.0022,6,NA,NA
"180","Saint Lucia","LCA","Developing","North America",2010,174267,163227,12123.8351390475,32882,0.522,"Coastal",6709,0.113,0.0211,20,NA,NA
"181","Saint Pierre and Miquelon","SPM","Developed",NA,2010,NA,5888,NA,NA,0.252,"Coastal",11,0.005,0,0,NA,NA
"182","Saint Vincent and the Grenadines","VCT","Developing","North America",2010,109333,120149,9915.57761891195,8818,0.221,"Coastal",2245,0.051,0.007,21,NA,NA
"183","Samoa","WSM","Developing","Oceania",2010,183081,168025,5399.89309631838,7000,0.103,"Coastal",5122,0.084,0.0161,80,-1.80347803066667,"Recession"
"184","San Marino","SMR","Developed","Europe",2010,31534,0,73862.3374374501,NA,NA,"Landlocked",NA,NA,NA,NA,-6.47023686266667,"Recession"
"185","Sao Tome and Principe","STP","Developing","Africa",2010,165397,163740,2641.51394847294,6571,0.103,"Coastal",5081,0.085,0.016,81,2.936324172,"Normal"
"186","Saudi Arabia","SAU","Developing","Asia",2010,27448086,3593471,45421.2284797446,1561618,0.156,"Coastal",20552,0.016,0.0645,8,0.19410057,"Normal"
"187","Senegal","SEN","Developing","Africa",2010,12433728,8125063,2183.99505141766,485586,0.103,"Coastal",254770,0.086,0.8001,82,0.473906263,"Normal"
"188","Serbia","SRB","Developed","Europe",2010,9856222,0,12688.1242898741,NA,NA,"Landlocked",NA,NA,NA,NA,1.63406374866667,"Normal"
"189","Seychelles","SYC","Developing","Africa",2010,86518,91361,20365.1189331513,11730,0.358,"Coastal",4619,0.139,0.0145,37,-0.922093025333333,"Recession"
"190","Sierra Leone","SLE","Developing","Africa",2010,5867536,2887017,1199.98985027502,96655,0.041,"Coastal",36408,0.035,0.1143,84,2.274553772,"Normal"
"191","Singapore","SGP","Developing","Asia",2010,5086418,4492494,72115.8395014504,359483,0.194,"Coastal",6472,0.004,0.0203,0,2.08326368566667,"Normal"
"192","Sint Maarten (Dutch part)","SXM","Developing",NA,2010,NA,37429,NA,3263,0.252,"Coastal",70,0.005,0.0002,0,NA,NA
"193","Slovakia","SVK","Developed","Europe",2010,5462119,0,25159.0775487579,NA,NA,"Landlocked",NA,NA,NA,NA,NA,NA
"194","Slovenia","SVN","Developed","Europe",2010,2029680,336594,28678.3726303687,108421,0.145,"Coastal",556,0.005,0.0017,1,-1.56425986433333,"Recession"
"195","Solomon Islands","SLB","Developing","Oceania",2010,538148,618678,1871.36935209356,19842,0.103,"Coastal",20394,0.09,0.064,86,0.678774634333333,"Normal"
"196","Somalia","SOM","Developing","Africa",2010,9330872,5971169,NA,237569,0.054,"Coastal",101531,0.047,0.3188,85,NA,NA
"197","South Africa","ZAF","Developing","Africa",2010,50132817,12899201,11887.8050343927,4465798,0.24,"Coastal",630005,0.134,1.9784,54,0.158609721333333,"Normal"
"198","South Korea","KOR",NA,NA,2010,48183584,41654619,30352.1048190303,2025772,0.112,"Coastal",33747,0.001,0.106,0,NA,NA
"199","South Sudan","SSD","Developing","Africa",2010,9415421,0,NA,NA,NA,"Landlocked",NA,NA,NA,NA,NA,NA
"200","Spain","ESP","Developed","Europe",2010,46076989,22771488,32507.0939660629,4709157,0.277,"Coastal",45853,0.006,0.144,0,-1.784029285,"Recession"
"201","Sri Lanka","LKA","Developing","Asia",2010,20859949,14568174,8529.57144219453,2621606,0.357,"Coastal",1591179,0.299,4.9968,82,5.09921965266667,"Inflation"
"202","Sudan","SDN","Developing","Africa",2010,34136520,752529,3366.09626107549,1292740,0.103,"Coastal",22928,0.083,0.072,80,2.085971279,"Normal"
"203","Suriname","SUR","Developing","South America",2010,524636,402263,14211.8775163255,31300,0.163,"Coastal",3942,0.027,0.0124,15,2.91983023933333,"Normal"
"204","Swaziland","SWZ","Developing","Africa",2010,1186056,0,7296.51111860929,NA,NA,"Landlocked",NA,NA,NA,NA,NA,NA
"205","Sweden","SWE","Developed","Europe",2010,9379687,6202234,42942.5625032962,164305,0.048,"Coastal",2150,0.001,0.0068,0,-0.745549496666666,"Recession"
"206","Switzerland","CHE","Developed","Europe",2010,7664318,0,55866.3050707537,NA,NA,"Landlocked",NA,NA,NA,NA,-0.211958263666667,"Recession"
"207","Syria","SYR",NA,"Asia",2010,20410606,3621997,NA,1365594,0.178,"Coastal",157904,0.119,0.4959,65,NA,NA
"208","Taiwan","TWN",NA,NA,2010,23025000,22211567,NA,NA,0.252,"Coastal",45718,0.006,0.1436,0,NA,NA
"209","Tajikistan","TJK","Developing","Asia",2010,6878637,0,2106.33875580206,NA,NA,"Landlocked",NA,NA,NA,NA,3.87814516766667,"Inflation"
"210","Tanzania","TZA",NA,"Africa",2010,44841226,6688695,2090.58322467574,386998,0.023,"Coastal",48586,0.02,0.1526,84,2.77149181633333,"Normal"
"211","Thailand","THA","Developing","Asia",2010,69122234,26043442,13486.5624149548,3532495,0.144,"Coastal",1027739,0.108,3.2274,73,2.33037241966667,"Normal"
"212","Togo","TGO","Developing","Africa",2010,6027798,1991642,1208.2812098328,135294,0.057,"Coastal",35401,0.049,0.1112,84,2.42027533533333,"Normal"
"213","Tokelau","TKL","Developing",NA,2010,1135,1379,NA,NA,0.103,"Coastal",43,0.086,0.0001,82,NA,NA
"214","Tonga","TON","Developing","Oceania",2010,104058,102872,4984.19362951029,8476,0.223,"Coastal",6624,0.176,0.0208,78,2.52706124733333,"Normal"
"215","Trinidad and Tobago","TTO","Developing","North America",2010,1341465,1358433,31260.9070471763,1745123,3.6,"Coastal",94066,0.19,0.2954,3,0.273646652,"Normal"
"216","Tunisia","TUN","Developing","Africa",2010,10480934,7274973,10436.3655998628,559235,0.144,"Coastal",234309,0.088,0.7358,60,2.51278010266667,"Normal"
"217","Turkey","TUR","Developing","Asia",2010,72752325,34042862,17959.2591065745,5596657,0.212,"Coastal",485937,0.039,1.526,16,0.238417082333333,"Normal"
"218","Turkmenistan","TKM","Developing","Asia",2010,5041995,0,9942.4269559212,NA,NA,"Landlocked",NA,NA,NA,NA,8.41474398566667,"Inflation"
"219","Turks and Caicos Islands","TCA","Developing",NA,2010,38354,22570,NA,2851,0.252,"Coastal",49,0.006,0.0002,0,NA,NA
"220","Tuvalu","TUV","Developing","Oceania",2010,9827,11563,2986.44985588888,554,0.144,"Coastal",457,0.108,0.0014,73,-0.713446842666667,"Recession"
"221","Uganda","UGA","Developing","Africa",2010,33424683,0,1515.86641152128,NA,NA,"Landlocked",NA,NA,NA,NA,3.709187469,"Inflation"
"222","Ukraine","UKR","Developed","Europe",2010,45448329,6812799,7824.49845171438,1724509,0.103,"Coastal",128765,0.052,0.4044,49,-2.42403132266667,"Recession"
"223","United Arab Emirates","ARE","Developing","Asia",2010,7511690,2018302,57232.6180757649,600741,0.199,"Coastal",3016,0.004,0.0095,0,-10.4249470346667,"Recession"
"224","United Kingdom","GBR",NA,"Europe",2010,62035570,43258889,36366.9831782522,4925590,0.215,"Coastal",67549,0.004,0.2121,0,-1.72607248266667,"Recession"
"225","United States","USA",NA,NA,2010,310383948,112925034,49374.1788851797,37825550,0.335,"Coastal",275424,0.007,0.8649,0,-0.915795862333333,"Recession"
"226","Uruguay","URY","Developing","South America",2010,3368786,2433597,17082.4046586765,310379,0.252,"Coastal",21562,0.024,0.0677,8,6.116307713,"Inflation"
"227","Uzbekistan","UZB","Developing","Asia",2010,27444702,0,4239.70220839215,NA,NA,"Landlocked",NA,NA,NA,NA,6.331859686,"Inflation"
"228","Vanuatu","VUT","Developing","Oceania",2010,239651,251851,2948.03293729183,25443,0.295,"Coastal",22478,0.245,0.0706,81,1.28623799633333,"Normal"
"229","Venezuela","VEN",NA,"South America",2010,28979857,16094897,16544.9720552598,2669998,0.252,"Coastal",102333,0.017,0.3214,5,NA,NA
"230","Vietnam","VNM",NA,"Asia",2010,87848445,55858245,4408.16861192198,3268227,0.103,"Coastal",1833819,0.09,5.7588,86,4.79576131933333,"Inflation"
"231","Western Sahara","ESH","Developing",NA,2010,530500,0,NA,NA,NA,"Landlocked",NA,NA,NA,NA,NA,NA
"232","World","OWID_WRL",NA,NA,2010,NA,0,13175.933988677,NA,NA,"Landlocked",31865274,NA,NA,NA,0.256905823333333,"Normal"
"233","Yemen","YEM","Developing","Asia",2010,NA,6048920,4478.7435991429,887497,0.103,"Coastal",169181,0.077,0.531,73,NA,NA
"234","Zambia","ZMB","Developing","Africa",2010,13088570,0,3279.27716144476,NA,NA,"Landlocked",NA,NA,NA,NA,6.065137349,"Inflation"
"235","Zimbabwe","ZWE","Developing","Africa",2010,12571454,0,1474.87712795527,NA,NA,"Landlocked",NA,NA,NA,NA,3.42537657,"Inflation"
"236","Arab World","",NA,NA,2010,NA,0,14354.3799160635,NA,NA,"Landlocked",NA,NA,NA,NA,1.22026407466667,"Normal"
"237","Caribbean small states","",NA,NA,2010,NA,0,14540.0796092736,NA,NA,"Landlocked",NA,NA,NA,NA,-0.956787057333333,"Recession"
"238","Central Europe and the Baltics","",NA,NA,2010,NA,0,21378.6133877263,NA,NA,"Landlocked",NA,NA,NA,NA,0.974594877666667,"Normal"
"239","Early-demographic dividend","",NA,NA,2010,NA,0,7050.08099649704,NA,NA,"Landlocked",NA,NA,NA,NA,1.839141152,"Normal"
"240","East Asia & Pacific","",NA,NA,2010,NA,0,11964.9478222288,NA,NA,"Landlocked",NA,NA,NA,NA,3.27370977933333,"Inflation"
"241","East Asia & Pacific (IDA & IBRD)","",NA,NA,2010,NA,0,9021.15587883301,NA,NA,"Landlocked",NA,NA,NA,NA,NA,NA
"242","East Asia & Pacific (excluding high income)","",NA,NA,2010,NA,0,8925.16474975326,NA,NA,"Landlocked",NA,NA,NA,NA,7.85659689266667,"Inflation"
"243","Euro area","",NA,NA,2010,NA,0,36786.6465466415,NA,NA,"Landlocked",NA,NA,NA,NA,-0.996526254666667,"Recession"
"244","Europe & Central Asia","",NA,NA,2010,NA,0,27035.9732887773,NA,NA,"Landlocked",NA,NA,NA,NA,-0.682915716666667,"Recession"
"245","Europe & Central Asia (IDA & IBRD)","",NA,NA,2010,NA,0,16845.5535078761,NA,NA,"Landlocked",NA,NA,NA,NA,NA,NA
"246","Europe & Central Asia (excluding high income)","",NA,NA,2010,NA,0,16339.2061284575,NA,NA,"Landlocked",NA,NA,NA,NA,0.769041566666667,"Normal"
"247","European Union","",NA,NA,2010,NA,0,34102.6594021449,NA,NA,"Landlocked",NA,NA,NA,NA,-0.869967679333333,"Recession"
"248","Fragile and conflict affected situations","",NA,NA,2010,NA,0,3806.31255864608,NA,NA,"Landlocked",NA,NA,NA,NA,3.087604078,"Inflation"
"249","Heavily indebted poor countries (HIPC)","",NA,NA,2010,NA,0,1823.75836583282,NA,NA,"Landlocked",NA,NA,NA,NA,2.524029118,"Normal"
"250","High income","",NA,NA,2010,NA,0,39243.6926772202,NA,NA,"Landlocked",NA,NA,NA,NA,-0.744886735666667,"Recession"
"251","IBRD only","",NA,NA,2010,NA,0,9577.65174750835,NA,NA,"Landlocked",NA,NA,NA,NA,3.92166922033333,"Inflation"
"252","IDA & IBRD total","",NA,NA,2010,NA,0,7994.26913286111,NA,NA,"Landlocked",NA,NA,NA,NA,3.64229663366667,"Inflation"
"253","IDA blend","",NA,NA,2010,NA,0,4301.15029327546,NA,NA,"Landlocked",NA,NA,NA,NA,2.95915198466667,"Normal"
"254","IDA only","",NA,NA,2010,NA,0,2233.14364698314,NA,NA,"Landlocked",NA,NA,NA,NA,3.38226357066667,"Inflation"
"255","IDA total","",NA,NA,2010,NA,0,2928.80537146114,NA,NA,"Landlocked",NA,NA,NA,NA,3.18106512233333,"Inflation"
"256","Kosovo","OWID_KOS",NA,NA,2010,NA,0,7905.63841360831,NA,NA,"Landlocked",NA,NA,NA,NA,2.27390273233333,"Normal"
"257","Late-demographic dividend","",NA,NA,2010,NA,0,11943.1429350614,NA,NA,"Landlocked",NA,NA,NA,NA,4.94529242066667,"Inflation"
"258","Latin America & Caribbean","",NA,NA,2010,NA,0,13701.074006833,NA,NA,"Landlocked",NA,NA,NA,NA,1.45994755666667,"Normal"
"259","Latin America & Caribbean (IDA & IBRD)","",NA,NA,2010,NA,0,13608.601753786,NA,NA,"Landlocked",NA,NA,NA,NA,NA,NA
"260","Latin America & Caribbean (excluding high income)","",NA,NA,2010,NA,0,12843.6306973877,NA,NA,"Landlocked",NA,NA,NA,NA,1.51917189233333,"Normal"
"261","Least developed countries: UN classification","",NA,NA,2010,NA,0,2116.75377711095,NA,NA,"Landlocked",NA,NA,NA,NA,3.56126648966667,"Inflation"
"262","Low & middle income","",NA,NA,2010,NA,0,7746.16063654918,NA,NA,"Landlocked",NA,NA,NA,NA,3.71681049066667,"Inflation"
"263","Low income","",NA,NA,2010,NA,0,1707.05257710406,NA,NA,"Landlocked",NA,NA,NA,NA,3.26034843666667,"Inflation"
"264","Lower middle income","",NA,NA,2010,NA,0,4970.46610586383,NA,NA,"Landlocked",NA,NA,NA,NA,3.81996882666667,"Inflation"
"265","Middle East & North Africa","",NA,NA,2010,NA,0,16802.8288392628,NA,NA,"Landlocked",NA,NA,NA,NA,1.163486471,"Normal"
"266","Middle East & North Africa (IDA & IBRD)","",NA,NA,2010,NA,0,11904.7217761959,NA,NA,"Landlocked",NA,NA,NA,NA,NA,NA
"267","Middle East & North Africa (excluding high income)","",NA,NA,2010,NA,0,11815.429077473,NA,NA,"Landlocked",NA,NA,NA,NA,1.96312211766667,"Normal"
"268","Middle income","",NA,NA,2010,NA,0,8475.47023191023,NA,NA,"Landlocked",NA,NA,NA,NA,3.85814279466667,"Inflation"
"269","North America","",NA,NA,2010,NA,0,48516.5057039465,NA,NA,"Landlocked",NA,NA,NA,NA,-0.899257251,"Recession"
"270","OECD members","",NA,NA,2010,NA,0,36011.8683023081,NA,NA,"Landlocked",NA,NA,NA,NA,-0.808387137666667,"Recession"
"271","Other small states","",NA,NA,2010,NA,0,21550.2028323036,NA,NA,"Landlocked",NA,NA,NA,NA,3.16262454066667,"Inflation"
"272","Pacific island small states","",NA,NA,2010,NA,0,4775.36629680347,NA,NA,"Landlocked",NA,NA,NA,NA,-0.140983018333333,"Recession"
"273","Post-demographic dividend","",NA,NA,2010,NA,0,38594.1530245875,NA,NA,"Landlocked",NA,NA,NA,NA,-0.680575594666667,"Recession"
"274","Pre-demographic dividend","",NA,NA,2010,NA,0,3189.81663773248,NA,NA,"Landlocked",NA,NA,NA,NA,3.12757194033333,"Inflation"
"275","Small states","",NA,NA,2010,NA,0,19121.4592839875,NA,NA,"Landlocked",NA,NA,NA,NA,2.49616714366667,"Normal"
"276","South Asia","",NA,NA,2010,NA,0,4173.3101721082,NA,NA,"Landlocked",NA,NA,NA,NA,4.47610083066667,"Inflation"
"277","South Asia (IDA & IBRD)","",NA,NA,2010,NA,0,4173.3101721082,NA,NA,"Landlocked",NA,NA,NA,NA,4.47610083066667,"Inflation"
"278","Sub-Saharan Africa","",NA,NA,2010,NA,0,3227.60615351135,NA,NA,"Landlocked",NA,NA,NA,NA,1.85218654733333,"Normal"
"279","Sub-Saharan Africa (IDA & IBRD)","",NA,NA,2010,NA,0,3227.60615351135,NA,NA,"Landlocked",NA,NA,NA,NA,NA,NA
"280","Sub-Saharan Africa (excluding high income)","",NA,NA,2010,NA,0,3225.85881432203,NA,NA,"Landlocked",NA,NA,NA,NA,1.85494864033333,"Normal"
"281","Timor","TLS",NA,NA,2010,NA,0,8860.85000508979,NA,NA,"Landlocked",NA,NA,NA,NA,NA,NA
"282","Upper middle income","",NA,NA,2010,NA,0,12320.0084695492,NA,NA,"Landlocked",NA,NA,NA,NA,4.20995064166667,"Inflation"
